Year,Value
2010,3.41781
2020,0.80780
