Year,GeoCode,Value
2010,22,3.41781
2020,22,0.80780
