Year,Value
2010,6.84859
2011,7.01533
2012,7.30222
2013,7.39114
2014,7.4774
2015,7.66222
2016,7.91451
2017,7.95727
2018,7.78232
2019,7.02521
2020,6.4673
2021,6.1995
2022,6.1995
