{"data":{"Year":[2010,2011,2012,2013,2014,2015,2016,2017,2018,2019,2020,2021,2022],"Value":[0.138321213,0.137253922,0.138642795,0.147781177,0.160938057,0.171710242,0.178720455,0.182058659,0.157416886,0.162502181,0.179622891,0.155266234,0.17531147]},"edges":[]}