{"Year":[2010,2011,2012,2013,2014,2015,2016,2017,2018,2019,2020,2021,2022],"Value":[6.84859,7.01533,7.30222,7.39114,7.4774,7.66222,7.91451,7.95727,7.78232,7.02521,6.4673,6.1995,6.1995]}